id;pseudo;email;mot_de_passe
1;IB Tennessee;Bailee.Rowe55@yahoo.com;DirectXX
2;AI;Maurine71@yahoo.com;Usability
3;Soap attitude-oriented;Aniya_Kilback@hotmail.com;hard drive Customer overriding
4;hard drive Infrastructure Toys;Lenora21@yahoo.com;Texas compressing
5;Enterprise-wide;Kyra53@gmail.com;Division transmit
6;Towels Ergonomic bifurcated;Rossie.Runolfsdottir@hotmail.com;Malta AGP Agent
7;Factors;Clay_Konopelski31@yahoo.com;Kyrgyz Republic Congolese Franc yellow
8;Handcrafted copying deposit;Brady21@gmail.com;AI Pants
9;user-centric Jordan;Stewart_Kohler@gmail.com;LeadXXXX
10;Freeway quantify Intelligent Frozen Car;Nat7@gmail.com;Representative Outdoors Ameliorated
